{
  "greeting": "Hai",
  "name": "Reshu",
  "greetingText": "Entha mole surprise aayo!!",
  "wishText": "Life ennum than happy aayi irikkatte ;)",
  "imagePath": "img/resh.png",
  "text1": "It's your birthday!!! :D",
  "textInChatBox": "Happy birthday to you!! Yeee! Many many happy blah...",
  "sendButtonLabel": "Send",
  "text2": "That's what I was going to do.",
  "text3": "But then I stopped.",
  "text4": "I realised, I wanted to do something",
  "text4Adjective": "special",
  "text5Entry": "Because,",
  "text5Content": "You are Special!!",
  "smiley": ":)",
  "bigTextPart1": "S",
  "bigTextPart2": "O",
  "wishHeading": "Happy Birthday Muthe!",
  "outroText": "Istapetto Muthe??",
  "replayText": "Or click, if you want to watch it again.",
  "outroSmiley": ":)"
}
